Keys,中文
UI_NOT_IMPLEMENTED,功能尚未完成
UI_NEW_GAME,新游戏
UI_LOAD_GAME,加载存档
UI_MODS,模组
UI_OPTIONS,设置
UI_MENU_CREDITS,制作人员
UI_LANGUAGE,语言
UI_QUIT,退出游戏
UI_BACK,返回
UI_CONFIRM,确认
UI_CREATIVE_MODE,创造模式
UI_GAME_VERSION,游戏版本
UI_AUTHOR,制作人员
UI_WELCOME_TO_SPACESLOG,欢迎来到SpaceSlog
UI_THANKS_FOR_PLAYING,感谢你游玩SpaceSlog
UI_TWITTER,推特（X）
UI_YOUTUBE,油管
UI_DISCORD,Discord
UI_WIKI,百科
UI_MUSIC,游戏原声
UI_FORUMS,论坛
UI_WORLD_SEED,种子
UI_SKIP_STORY,跳过剧情
UI_DIFFICULTY,难度
UI_SCENARIO,情景
UI_SHIPBUILDER,建造模式
UI_TRAITS,势力特性
UI_TIMID,简单
UI_NORMAL,普通
UI_BRUTAL,困难
UI_TUTORIAL,新手教程
UI_CHOOSE_CREW,船员
UI_AVAILABLE,可用
UI_SELECTED,已选
UI_BACKSTORY,人物背景
UI_LAWS,律法
UI_CHARACTERISTICS,特性
UI_MEDICAL_CONDITIONS,身体状况
UI_NONE,无
UI_VOCATION,职业
UI_PARTY_SKILLS,团队技能等级
UI_RANDOMISE,随机化
UI_PAUSE_ON_ALERT,危险报警时暂停
UI_SHOW_NAME_LABEL,在人物下方显示名称
UI_SHOW_FPS,显示帧数
UI_SHOW_CUSTOM_MOUSE,更改游戏内光标
UI_ENABLE_MOUSE_SCROLL,启用鼠标滚轮
UI_DEV_MODE,开发者模式 [color=RED]（无法获取成就）[/color]
UI_GENERAL,通用
UI_CONTROLS,按键控制
UI_RESOLUTION,分辨率
UI_VSYNC,启用垂直同步
UI_FULLSCREEN,全屏
UI_BORDERLESS_WINDOW,无边框
UI_MASTER_VOLUME,主音量
UI_MUSIC_VOLUME,背景音乐
UI_SOUNDS_VOLUME,音效
UI_MENU_VOLUME,界面按键
UI_ACCESSIBILITY,辅助功能
UI_CLOSE,关闭
UI_CANCEL,取消
UI_OK,确认
UI_OPEN_USER_DIR,打开游戏文件位置
UI_SAVE_MENU,存档
UI_LOAD_MENU,加载存档
UI_LOAD,加载存档
UI_SAVE,新存档
UI_OVERWRITE,覆盖存档
UI_RELATIONS,势力关系
UI_RACE,种族
UI_SPECIES,物种
UI_TYPE,舰种
UI_POWER,势力等级
UI_TECH_LEVEL,科技等级
UI_CREW,船员
UI_NAME,名称
UI_MORALE,心情
UI_STATUS,状态
UI_ASSIGNED_ROOM,分配房间
UI_ASSIGNED_ROLE,授予职位
UI_CONTINUE,继续
UI_SAVE_LOAD,存档/读档界面
UI_EXIT,退出到游戏主界面
UI_EXIT_TO_OS,退出游戏
UI_GAME_OVER,游戏结束
UI_CARGO_CAPACITY,///
UI_MONEY,金钱
UI_RESOURCE,资源
UI_YOUR_STOCK,你的货物
UI_SELL_PRICE,卖出价格
UI_SELL,卖出
UI_PURCHASE,买入
UI_BUY_PRICE,买入价格
UI_TRADER_STOCK,对方货物
UI_PLAYER,玩家
UI_TRADER,交易对象
UI_RESET,重置
UI_ACCEPT,接受
UI_ADD,增加
UI_TYPE_NEW_ROLE,新职位名
UI_SHIP_ROLES,职位
UI_JOBS,工作
UI_SCHEDULE,时间表
UI_ADD_REMOVE_ROLES,添加/移除职位
UI_ROLE_NAME,职位名
UI_NUMBER_OF_MEMBERS,成员数量
UI_REMOVE,移除
UI_HOTKEY,热键
UI_HEALTH,健康程度
UI_NO_MATS_REQ,无需任何资源
UI_QUARTERMASTER,军需官
UI_CAPTAIN,舰长
UI_REG_SHIP_NAME,飞船名
UI_ALERT,危险报警
UI_CARGO,///
UI_POWER_OUTPUT,发电量
UI_POWER_USAGE,用电量
UI_STORED_POWER,已存储电量
UI_STORED_GAS,已存储气体
UI_MAX_STORAGE,最大存储量
UI_WORK_TO_BUILD,建造进度
UI_GAS_PROVIDED,气体产出
UI_GAS_SUPPLIED,进气量
UI_GAS_USAGE,气体用量
UI_GAS_OUTPUT,气体产出
UI_FUEL_REQUIRED,所需燃料
UI_FUEL,燃料
UI_ENTER_NAME,请输入名称
UI_AUTO_SAVE,启用自动存档
UI_HELP,帮助
UI_GITHUB,Github
UI_MAX_HP,最大生命值
UI_MASS,质量
UI_COMFORT,舒适度
DEFAULT_NO_NAME,无名
DEFAULT_NO_TITLE,无头衔
DEFAULT_NO_DESCRIPTION,无描述
UI_DESCRIPTION,描述
UNSUPPORTED_RESOLUTION,不支持此分辨率
UI_SHIP_WEIGHT_CAP,飞船载荷
UI_ZONES,区域
UI_ALLOW_ALL,允许全部
UI_REMOVE_ALL,移除全部
UI_PROFESSION,职业
UI_PREVIOUS,上一个
UI_CURRENT,当前
UI_INFO,信息
UI_AGE,年龄
UI_GENDER,性别
UI_DIET,食性
UI_HEALTH_CONDITIONS,疾病
UI_INJURIES,受伤
UI_HYDRATION,水分
UI_ENERGY,清醒度
UI_FULLNESS,饱食度
UI_HISTORY,历史
UI_SKILLS,技能
UI_STATISTICS,数据
UI_PRIMARY_MATERIAL,主材料
UI_SECONDARY_MATERIAL,副材料
UI_EXPORT_SHIP_LAYOUT,导出飞船样式
UI_EXPORT_SHIP,导出飞船
UI_EXPORT,导出
UI_CURRENT_TRACK,正在播放
UI_NEEDS,需求
UI_UNIVERSE_CREATION,创建世界
UI_FACTIONS_AVAILABLE,可用势力
UI_FACTIONS_SELECTED,已选用势力
UI_BUILDING,建筑
UI_RESEARCH_MENU,研究
UI_ORDERS_MENU,指令
UI_GAME_INFO,游戏信息
UI_FACTIONS,势力
UI_FACTION,势力
UI_RESPIRATION,氧气
UI_PRIORITY,优先级
UI_ROSTER,船员名册
UI_ANIMALS,动物
UI_ROOMS,房间
UI_EQUIPMENT,装备
UI_CHOOSE_EMBLEM,选择纹章
UI_PICK_A_COLOUR,选择颜色
UI_RECORDS,记录
UI_TRADE,交易
UI_BRIBE,贿赂
UI_NEGOTIATE,谈判
UI_BRIBE_TO_LEAVE,花钱消灾
UI_BRIBE_THEM_TO_TRADE,先送礼，再交易
UI_JOBS_PRIORITY_EXPLANATION,更小的数字等于更高的优先级
UI_CONTAINED_MATERIALS,包含材料：
UI_CROP,作物
UI_SEED_AMOUNT,可用种子
UI_INGREDIENT,原料
UI_RECIPE,配方
UI_GAME_STATS,游戏数据
UI_EXIT_SURVEY,退出前调查问卷
UI_WISHLIST,加入愿望单！
UI_BUY_FULL_VERSION,购买完整版
UI_GAMETYPE,游戏类型
UI_HARMONY,有序
UI_RANDOM,随机
UI_DAYS_PASSED,已经过的天数
UI_TOTAL_WEALTH,总财富
UI_SELECT_FACTIONS,选择势力
UI_BURN_METER,推进力
UI_LEADER,头领
UI_SHIP_TYPE,飞船类型
UI_DISTANCE_TRAVELLED,航行距离
UI_TOOLTIP_SPEED,提示速度
UI_PREPARE_ORDERS,准备指令
UI_SEND_ORDERS,传达指令
UI_ORDER_DETAILS,指令细节
UI_INITIATE_SCAN,开始扫描
UI_SEND_AWAY_TEAM,派遣小队
UI_RESET_LESSONS,重置教程
UI_ROOM_ASSIGNMENT,房间分配
UI_HANDBOOK,行动手册
UI_GAME_DATE,初始日期
UI_SCALE,UI大小
UI_RESTORE_DEFAULTS,重置
UI_AWAITING_KEY_PRESS,请按下按键
UI_SET_NEW_KEYBIND,绑定新的按键
UI_CREATE_CAPTAIN,创建舰长
UI_OPEN_WORKSHOP,跳转至Steam创意工坊
UI_OPEN_MOD_IO,跳转至Mod.io
UI_UPLOAD_MOD,上传模组
UI_UNSUBSCRIBE,取消订阅
UI_UPLOAD_TO_WORKSHOP,上传至创意工坊
UI_UPLOAD_TO_MOD_IO,上传至Mod.io
UI_REQUEST_CODE,Request code
UI_EXCHANGE_CODE,Exchange code
UI_ENABLE_CREW_BAR,启用船员展示栏
UI_EDIT,修改
UI_TEMPERATURE_DISPLAY,温度单位
UI_SELECTED_PROJECT,已选研究项目
UI_CURRENT_PROJECT,目前研究项目
